{
    "version": 2,
    "env": {
        "DATABASE_URL": "sqlserver://SQL8006.site4now.net:1433;database=db_a86846_foodie;user=db_a86846_foodie_admin;password=85236580@Fo;encrypt=true",
        "BASE_URL": "http://localhost:",
        "PORT": "3200",
        "REDIS_HOST": "localhost",
        "REDIS_PORT": "6379",
        "JWT_SECRET": "wowthisisabadsecret123",
        "CLIENT_PORT": "3000"
    },
    "builds": [
        {
            "src": "src/main.ts",
            "use": "@vercel/node"
        }
    ],
    "routes": [
        {
            "src": "/(.*)",
            "dest": "dist/src/main.js",
            "methods": [
                "GET",
                "POST",
                "PUT",
                "DELETE"
            ]
        }
    ]
}